id,class
normal-01.wav,normal
normal-02.wav,normal
normal-03.wav,normal
normal-04.wav,normal
normal-05.wav,normal
normal-06.wav,normal
normal-07.wav,normal
normal-08.wav,normal
normal-09.wav,normal
normal-10.wav,normal
normal-100.wav,normal
normal-101.wav,normal
normal-102.wav,normal
normal-103.wav,normal
normal-104.wav,normal
normal-105.wav,normal
normal-106.wav,normal
normal-107.wav,normal
normal-108.wav,normal
normal-109.wav,normal
normal-11.wav,normal
normal-110.wav,normal
normal-111.wav,normal
normal-112.wav,normal
normal-113.wav,normal
normal-114.wav,normal
normal-115.wav,normal
normal-116.wav,normal
normal-117.wav,normal
normal-118.wav,normal
normal-119.wav,normal
normal-12.wav,normal
normal-120.wav,normal
normal-121.wav,normal
normal-122.wav,normal
normal-123.wav,normal
normal-124.wav,normal
normal-125.wav,normal
normal-126.wav,normal
normal-127.wav,normal
normal-128.wav,normal
normal-129.wav,normal
normal-13.wav,normal
normal-130.wav,normal
normal-131.wav,normal
normal-132.wav,normal
normal-133.wav,normal
normal-134.wav,normal
normal-135.wav,normal
normal-136.wav,normal
normal-137.wav,normal
normal-138.wav,normal
normal-139.wav,normal
normal-14.wav,normal
normal-140.wav,normal
normal-141.wav,normal
normal-142.wav,normal
normal-143.wav,normal
normal-144.wav,normal
normal-145.wav,normal
normal-146.wav,normal
normal-147.wav,normal
normal-148.wav,normal
normal-149.wav,normal
normal-15.wav,normal
normal-150.wav,normal
normal-151.wav,normal
normal-152.wav,normal
normal-153.wav,normal
normal-154.wav,normal
normal-155.wav,normal
normal-156.wav,normal
normal-157.wav,normal
normal-158.wav,normal
normal-159.wav,normal
normal-16.wav,normal
normal-160.wav,normal
normal-161.wav,normal
normal-162.wav,normal
normal-163.wav,normal
normal-164.wav,normal
normal-165.wav,normal
normal-166.wav,normal
normal-167.wav,normal
normal-168.wav,normal
normal-169.wav,normal
normal-17.wav,normal
normal-170.wav,normal
normal-171.wav,normal
normal-172.wav,normal
normal-173.wav,normal
normal-174.wav,normal
normal-175.wav,normal
normal-176.wav,normal
normal-177.wav,normal
normal-178.wav,normal
normal-179.wav,normal
normal-18.wav,normal
normal-180.wav,normal
normal-181.wav,normal
normal-182.wav,normal
normal-183.wav,normal
normal-184.wav,normal
normal-185.wav,normal
normal-186.wav,normal
normal-187.wav,normal
normal-188.wav,normal
normal-189.wav,normal
normal-19.wav,normal
normal-190.wav,normal
normal-191.wav,normal
normal-192.wav,normal
normal-193.wav,normal
normal-194.wav,normal
normal-195.wav,normal
normal-196.wav,normal
normal-197.wav,normal
normal-198.wav,normal
normal-199.wav,normal
normal-20.wav,normal
normal-200.wav,normal
normal-201.wav,normal
normal-202.wav,normal
normal-203.wav,normal
normal-204.wav,normal
normal-205.wav,normal
normal-206.wav,normal
normal-207.wav,normal
normal-208.wav,normal
normal-209.wav,normal
normal-21.wav,normal
normal-210.wav,normal
normal-211.wav,normal
normal-212.wav,normal
normal-213.wav,normal
normal-214.wav,normal
normal-215.wav,normal
normal-216.wav,normal
normal-217.wav,normal
normal-218.wav,normal
normal-219.wav,normal
normal-22.wav,normal
normal-220.wav,normal
normal-221.wav,normal
normal-222.wav,normal
normal-223.wav,normal
normal-224.wav,normal
normal-225.wav,normal
normal-226.wav,normal
normal-227.wav,normal
normal-228.wav,normal
normal-229.wav,normal
normal-23.wav,normal
normal-230.wav,normal
normal-231.wav,normal
normal-232.wav,normal
normal-233.wav,normal
normal-234.wav,normal
normal-235.wav,normal
normal-236.wav,normal
normal-237.wav,normal
normal-238.wav,normal
normal-239.wav,normal
normal-24.wav,normal
normal-240.wav,normal
normal-241.wav,normal
normal-242.wav,normal
normal-243.wav,normal
normal-244.wav,normal
normal-245.wav,normal
normal-246.wav,normal
normal-247.wav,normal
normal-248.wav,normal
normal-249.wav,normal
normal-25.wav,normal
normal-250.wav,normal
normal-251.wav,normal
normal-252.wav,normal
normal-253.wav,normal
normal-254.wav,normal
normal-255.wav,normal
normal-256.wav,normal
normal-257.wav,normal
normal-258.wav,normal
normal-259.wav,normal
normal-26.wav,normal
normal-260.wav,normal
normal-261.wav,normal
normal-262.wav,normal
normal-263.wav,normal
normal-264.wav,normal
normal-265.wav,normal
normal-266.wav,normal
normal-267.wav,normal
normal-268.wav,normal
normal-269.wav,normal
normal-27.wav,normal
normal-270.wav,normal
normal-271.wav,normal
normal-272.wav,normal
normal-273.wav,normal
normal-274.wav,normal
normal-275.wav,normal
normal-276.wav,normal
normal-277.wav,normal
normal-278.wav,normal
normal-279.wav,normal
normal-28.wav,normal
normal-280.wav,normal
normal-281.wav,normal
normal-282.wav,normal
normal-283.wav,normal
normal-284.wav,normal
normal-285.wav,normal
normal-286.wav,normal
normal-287.wav,normal
normal-288.wav,normal
normal-289.wav,normal
normal-29.wav,normal
normal-290.wav,normal
normal-291.wav,normal
normal-292.wav,normal
normal-293.wav,normal
normal-294.wav,normal
normal-295.wav,normal
normal-296.wav,normal
normal-297.wav,normal
normal-298.wav,normal
normal-299.wav,normal
normal-30.wav,normal
normal-300.wav,normal
normal-301.wav,normal
normal-302.wav,normal
normal-303.wav,normal
normal-304.wav,normal
normal-305.wav,normal
normal-306.wav,normal
normal-307.wav,normal
normal-308.wav,normal
normal-309.wav,normal
normal-31.wav,normal
normal-310.wav,normal
normal-311.wav,normal
normal-312.wav,normal
normal-313.wav,normal
normal-314.wav,normal
normal-315.wav,normal
normal-316.wav,normal
normal-317.wav,normal
normal-318.wav,normal
normal-319.wav,normal
normal-32.wav,normal
normal-320.wav,normal
normal-321.wav,normal
normal-322.wav,normal
normal-323.wav,normal
normal-324.wav,normal
normal-325.wav,normal
normal-326.wav,normal
normal-327.wav,normal
normal-328.wav,normal
normal-329.wav,normal
normal-33.wav,normal
normal-330.wav,normal
normal-331.wav,normal
normal-332.wav,normal
normal-333.wav,normal
normal-334.wav,normal
normal-335.wav,normal
normal-336.wav,normal
normal-337.wav,normal
normal-338.wav,normal
normal-339.wav,normal
normal-34.wav,normal
normal-340.wav,normal
normal-341.wav,normal
normal-342.wav,normal
normal-343.wav,normal
normal-344.wav,normal
normal-345.wav,normal
normal-346.wav,normal
normal-347.wav,normal
normal-348.wav,normal
normal-349.wav,normal
normal-35.wav,normal
normal-350.wav,normal
normal-351.wav,normal
normal-352.wav,normal
normal-353.wav,normal
normal-354.wav,normal
normal-355.wav,normal
normal-356.wav,normal
normal-357.wav,normal
normal-358.wav,normal
normal-359.wav,normal
normal-36.wav,normal
normal-360.wav,normal
normal-361.wav,normal
normal-362.wav,normal
normal-363.wav,normal
normal-364.wav,normal
normal-365.wav,normal
normal-366.wav,normal
normal-367.wav,normal
normal-368.wav,normal
normal-369.wav,normal
normal-37.wav,normal
normal-370.wav,normal
normal-371.wav,normal
normal-372.wav,normal
normal-373.wav,normal
normal-374.wav,normal
normal-375.wav,normal
normal-376.wav,normal
normal-377.wav,normal
normal-378.wav,normal
normal-379.wav,normal
normal-38.wav,normal
normal-380.wav,normal
normal-381.wav,normal
normal-382.wav,normal
normal-383.wav,normal
normal-384.wav,normal
normal-385.wav,normal
normal-386.wav,normal
normal-387.wav,normal
normal-388.wav,normal
normal-389.wav,normal
normal-39.wav,normal
normal-390.wav,normal
normal-391.wav,normal
normal-392.wav,normal
normal-393.wav,normal
normal-394.wav,normal
normal-395.wav,normal
normal-396.wav,normal
normal-397.wav,normal
normal-398.wav,normal
normal-399.wav,normal
normal-40.wav,normal
normal-400.wav,normal
normal-401.wav,normal
normal-402.wav,normal
normal-403.wav,normal
normal-404.wav,normal
normal-405.wav,normal
normal-406.wav,normal
normal-407.wav,normal
normal-408.wav,normal
normal-409.wav,normal
normal-41.wav,normal
normal-410.wav,normal
normal-411.wav,normal
normal-412.wav,normal
normal-413.wav,normal
normal-414.wav,normal
normal-415.wav,normal
normal-416.wav,normal
normal-417.wav,normal
normal-418.wav,normal
normal-419.wav,normal
normal-42.wav,normal
normal-420.wav,normal
normal-421.wav,normal
normal-422.wav,normal
normal-423.wav,normal
normal-424.wav,normal
normal-425.wav,normal
normal-426.wav,normal
normal-427.wav,normal
normal-428.wav,normal
normal-429.wav,normal
normal-43.wav,normal
normal-430.wav,normal
normal-431.wav,normal
normal-432.wav,normal
normal-433.wav,normal
normal-434.wav,normal
normal-435.wav,normal
normal-436.wav,normal
normal-437.wav,normal
normal-438.wav,normal
normal-439.wav,normal
normal-44.wav,normal
normal-440.wav,normal
normal-441.wav,normal
normal-442.wav,normal
normal-443.wav,normal
normal-444.wav,normal
normal-445.wav,normal
normal-446.wav,normal
normal-447.wav,normal
normal-448.wav,normal
normal-449.wav,normal
normal-45.wav,normal
normal-450.wav,normal
normal-451.wav,normal
normal-452.wav,normal
normal-453.wav,normal
normal-454.wav,normal
normal-455.wav,normal
normal-456.wav,normal
normal-457.wav,normal
normal-458.wav,normal
normal-459.wav,normal
normal-46.wav,normal
normal-460.wav,normal
normal-461.wav,normal
normal-462.wav,normal
normal-463.wav,normal
normal-464.wav,normal
normal-465.wav,normal
normal-466.wav,normal
normal-467.wav,normal
normal-468.wav,normal
normal-469.wav,normal
normal-47.wav,normal
normal-470.wav,normal
normal-471.wav,normal
normal-472.wav,normal
normal-473.wav,normal
normal-474.wav,normal
normal-475.wav,normal
normal-476.wav,normal
normal-477.wav,normal
normal-478.wav,normal
normal-479.wav,normal
normal-48.wav,normal
normal-480.wav,normal
normal-481.wav,normal
normal-482.wav,normal
normal-483.wav,normal
normal-484.wav,normal
normal-485.wav,normal
normal-486.wav,normal
normal-487.wav,normal
normal-488.wav,normal
normal-489.wav,normal
normal-49.wav,normal
normal-490.wav,normal
normal-491.wav,normal
normal-492.wav,normal
normal-493.wav,normal
normal-494.wav,normal
normal-495.wav,normal
normal-496.wav,normal
normal-497.wav,normal
normal-498.wav,normal
normal-499.wav,normal
normal-50.wav,normal
normal-500.wav,normal
normal-501.wav,normal
normal-502.wav,normal
normal-503.wav,normal
normal-504.wav,normal
normal-505.wav,normal
normal-506.wav,normal
normal-507.wav,normal
normal-508.wav,normal
normal-509.wav,normal
normal-51.wav,normal
normal-510.wav,normal
normal-511.wav,normal
normal-512.wav,normal
normal-513.wav,normal
normal-514.wav,normal
normal-515.wav,normal
normal-516.wav,normal
normal-517.wav,normal
normal-518.wav,normal
normal-519.wav,normal
normal-52.wav,normal
normal-520.wav,normal
normal-521.wav,normal
normal-522.wav,normal
normal-523.wav,normal
normal-524.wav,normal
normal-525.wav,normal
normal-526.wav,normal
normal-527.wav,normal
normal-528.wav,normal
normal-529.wav,normal
normal-53.wav,normal
normal-530.wav,normal
normal-531.wav,normal
normal-532.wav,normal
normal-533.wav,normal
normal-534.wav,normal
normal-535.wav,normal
normal-536.wav,normal
normal-537.wav,normal
normal-538.wav,normal
normal-539.wav,normal
normal-54.wav,normal
normal-540.wav,normal
normal-541.wav,normal
normal-542.wav,normal
normal-543.wav,normal
normal-544.wav,normal
normal-545.wav,normal
normal-546.wav,normal
normal-547.wav,normal
normal-548.wav,normal
normal-549.wav,normal
normal-55.wav,normal
normal-550.wav,normal
normal-551.wav,normal
normal-552.wav,normal
normal-553.wav,normal
normal-554.wav,normal
normal-555.wav,normal
normal-556.wav,normal
normal-557.wav,normal
normal-558.wav,normal
normal-559.wav,normal
normal-56.wav,normal
normal-560.wav,normal
normal-561.wav,normal
normal-562.wav,normal
normal-563.wav,normal
normal-564.wav,normal
normal-565.wav,normal
normal-566.wav,normal
normal-567.wav,normal
normal-568.wav,normal
normal-569.wav,normal
normal-57.wav,normal
normal-570.wav,normal
normal-571.wav,normal
normal-572.wav,normal
normal-573.wav,normal
normal-574.wav,normal
normal-575.wav,normal
normal-576.wav,normal
normal-577.wav,normal
normal-578.wav,normal
normal-579.wav,normal
normal-58.wav,normal
normal-580.wav,normal
normal-581.wav,normal
normal-582.wav,normal
normal-583.wav,normal
normal-584.wav,normal
normal-585.wav,normal
normal-586.wav,normal
normal-587.wav,normal
normal-588.wav,normal
normal-589.wav,normal
normal-59.wav,normal
normal-590.wav,normal
normal-591.wav,normal
normal-592.wav,normal
normal-593.wav,normal
normal-594.wav,normal
normal-595.wav,normal
normal-596.wav,normal
normal-597.wav,normal
normal-598.wav,normal
normal-599.wav,normal
normal-60.wav,normal
normal-600.wav,normal
normal-601.wav,normal
normal-602.wav,normal
normal-603.wav,normal
normal-604.wav,normal
normal-605.wav,normal
normal-606.wav,normal
normal-607.wav,normal
normal-608.wav,normal
normal-609.wav,normal
normal-61.wav,normal
normal-610.wav,normal
normal-611.wav,normal
normal-612.wav,normal
normal-613.wav,normal
normal-614.wav,normal
normal-615.wav,normal
normal-616.wav,normal
normal-617.wav,normal
normal-618.wav,normal
normal-619.wav,normal
normal-62.wav,normal
normal-620.wav,normal
normal-621.wav,normal
normal-622.wav,normal
normal-623.wav,normal
normal-624.wav,normal
normal-625.wav,normal
normal-626.wav,normal
normal-627.wav,normal
normal-628.wav,normal
normal-629.wav,normal
normal-63.wav,normal
normal-630.wav,normal
normal-631.wav,normal
normal-632.wav,normal
normal-633.wav,normal
normal-634.wav,normal
normal-635.wav,normal
normal-636.wav,normal
normal-637.wav,normal
normal-638.wav,normal
normal-639.wav,normal
normal-64.wav,normal
normal-640.wav,normal
normal-641.wav,normal
normal-642.wav,normal
normal-643.wav,normal
normal-644.wav,normal
normal-645.wav,normal
normal-646.wav,normal
normal-647.wav,normal
normal-648.wav,normal
normal-649.wav,normal
normal-65.wav,normal
normal-650.wav,normal
normal-651.wav,normal
normal-652.wav,normal
normal-653.wav,normal
normal-654.wav,normal
normal-655.wav,normal
normal-656.wav,normal
normal-657.wav,normal
normal-658.wav,normal
normal-659.wav,normal
normal-66.wav,normal
normal-660.wav,normal
normal-661.wav,normal
normal-662.wav,normal
normal-663.wav,normal
normal-664.wav,normal
normal-665.wav,normal
normal-666.wav,normal
normal-667.wav,normal
normal-668.wav,normal
normal-669.wav,normal
normal-67.wav,normal
normal-670.wav,normal
normal-671.wav,normal
normal-672.wav,normal
normal-673.wav,normal
normal-674.wav,normal
normal-675.wav,normal
normal-676.wav,normal
normal-677.wav,normal
normal-678.wav,normal
normal-679.wav,normal
normal-68.wav,normal
normal-680.wav,normal
normal-681.wav,normal
normal-682.wav,normal
normal-683.wav,normal
normal-684.wav,normal
normal-685.wav,normal
normal-686.wav,normal
normal-687.wav,normal
normal-688.wav,normal
normal-689.wav,normal
normal-69.wav,normal
normal-690.wav,normal
normal-691.wav,normal
normal-692.wav,normal
normal-693.wav,normal
normal-694.wav,normal
normal-695.wav,normal
normal-696.wav,normal
normal-697.wav,normal
normal-698.wav,normal
normal-699.wav,normal
normal-70.wav,normal
normal-700.wav,normal
normal-701.wav,normal
normal-702.wav,normal
normal-703.wav,normal
normal-704.wav,normal
normal-705.wav,normal
normal-706.wav,normal
normal-707.wav,normal
normal-708.wav,normal
normal-709.wav,normal
normal-71.wav,normal
normal-710.wav,normal
normal-711.wav,normal
normal-712.wav,normal
normal-713.wav,normal
normal-714.wav,normal
normal-715.wav,normal
normal-716.wav,normal
normal-717.wav,normal
normal-718.wav,normal
normal-719.wav,normal
normal-72.wav,normal
normal-720.wav,normal
normal-721.wav,normal
normal-722.wav,normal
normal-723.wav,normal
normal-724.wav,normal
normal-725.wav,normal
normal-726.wav,normal
normal-727.wav,normal
normal-728.wav,normal
normal-729.wav,normal
normal-73.wav,normal
normal-730.wav,normal
normal-731.wav,normal
normal-732.wav,normal
normal-733.wav,normal
normal-734.wav,normal
normal-735.wav,normal
normal-736.wav,normal
normal-737.wav,normal
normal-738.wav,normal
normal-739.wav,normal
normal-74.wav,normal
normal-740.wav,normal
normal-741.wav,normal
normal-742.wav,normal
normal-743.wav,normal
normal-744.wav,normal
normal-745.wav,normal
normal-746.wav,normal
normal-747.wav,normal
normal-748.wav,normal
normal-749.wav,normal
normal-75.wav,normal
normal-750.wav,normal
normal-751.wav,normal
normal-752.wav,normal
normal-753.wav,normal
normal-754.wav,normal
normal-755.wav,normal
normal-756.wav,normal
normal-757.wav,normal
normal-758.wav,normal
normal-759.wav,normal
normal-76.wav,normal
normal-760.wav,normal
normal-761.wav,normal
normal-762.wav,normal
normal-763.wav,normal
normal-764.wav,normal
normal-765.wav,normal
normal-766.wav,normal
normal-767.wav,normal
normal-768.wav,normal
normal-769.wav,normal
normal-77.wav,normal
normal-770.wav,normal
normal-771.wav,normal
normal-772.wav,normal
normal-773.wav,normal
normal-774.wav,normal
normal-775.wav,normal
normal-776.wav,normal
normal-777.wav,normal
normal-778.wav,normal
normal-779.wav,normal
normal-78.wav,normal
normal-780.wav,normal
normal-781.wav,normal
normal-782.wav,normal
normal-783.wav,normal
normal-784.wav,normal
normal-785.wav,normal
normal-786.wav,normal
normal-787.wav,normal
normal-788.wav,normal
normal-789.wav,normal
normal-79.wav,normal
normal-790.wav,normal
normal-791.wav,normal
normal-792.wav,normal
normal-793.wav,normal
normal-794.wav,normal
normal-795.wav,normal
normal-796.wav,normal
normal-797.wav,normal
normal-798.wav,normal
normal-799.wav,normal
normal-80.wav,normal
normal-800.wav,normal
normal-801.wav,normal
normal-802.wav,normal
normal-803.wav,normal
normal-804.wav,normal
normal-805.wav,normal
normal-806.wav,normal
normal-807.wav,normal
normal-808.wav,normal
normal-809.wav,normal
normal-81.wav,normal
normal-810.wav,normal
normal-811.wav,normal
normal-812.wav,normal
normal-813.wav,normal
normal-814.wav,normal
normal-815.wav,normal
normal-816.wav,normal
normal-817.wav,normal
normal-818.wav,normal
normal-819.wav,normal
normal-82.wav,normal
normal-820.wav,normal
normal-821.wav,normal
normal-822.wav,normal
normal-823.wav,normal
normal-824.wav,normal
normal-825.wav,normal
normal-826.wav,normal
normal-827.wav,normal
normal-828.wav,normal
normal-829.wav,normal
normal-83.wav,normal
normal-830.wav,normal
normal-831.wav,normal
normal-832.wav,normal
normal-833.wav,normal
normal-834.wav,normal
normal-835.wav,normal
normal-836.wav,normal
normal-837.wav,normal
normal-838.wav,normal
normal-839.wav,normal
normal-84.wav,normal
normal-840.wav,normal
normal-841.wav,normal
normal-842.wav,normal
normal-843.wav,normal
normal-844.wav,normal
normal-845.wav,normal
normal-846.wav,normal
normal-847.wav,normal
normal-848.wav,normal
normal-849.wav,normal
normal-85.wav,normal
normal-850.wav,normal
normal-851.wav,normal
normal-852.wav,normal
normal-853.wav,normal
normal-854.wav,normal
normal-855.wav,normal
normal-856.wav,normal
normal-857.wav,normal
normal-858.wav,normal
normal-859.wav,normal
normal-86.wav,normal
normal-860.wav,normal
normal-861.wav,normal
normal-862.wav,normal
normal-863.wav,normal
normal-864.wav,normal
normal-865.wav,normal
normal-866.wav,normal
normal-867.wav,normal
normal-868.wav,normal
normal-869.wav,normal
normal-87.wav,normal
normal-870.wav,normal
normal-871.wav,normal
normal-872.wav,normal
normal-873.wav,normal
normal-874.wav,normal
normal-875.wav,normal
normal-876.wav,normal
normal-877.wav,normal
normal-878.wav,normal
normal-879.wav,normal
normal-88.wav,normal
normal-880.wav,normal
normal-881.wav,normal
normal-882.wav,normal
normal-883.wav,normal
normal-884.wav,normal
normal-885.wav,normal
normal-886.wav,normal
normal-887.wav,normal
normal-888.wav,normal
normal-889.wav,normal
normal-89.wav,normal
normal-890.wav,normal
normal-891.wav,normal
normal-892.wav,normal
normal-893.wav,normal
normal-894.wav,normal
normal-895.wav,normal
normal-896.wav,normal
normal-897.wav,normal
normal-898.wav,normal
normal-899.wav,normal
normal-90.wav,normal
normal-900.wav,normal
normal-901.wav,normal
normal-902.wav,normal
normal-903.wav,normal
normal-904.wav,normal
normal-905.wav,normal
normal-906.wav,normal
normal-907.wav,normal
normal-908.wav,normal
normal-909.wav,normal
normal-91.wav,normal
normal-910.wav,normal
normal-911.wav,normal
normal-912.wav,normal
normal-913.wav,normal
normal-914.wav,normal
normal-915.wav,normal
normal-916.wav,normal
normal-917.wav,normal
normal-92.wav,normal
normal-93.wav,normal
normal-94.wav,normal
normal-95.wav,normal
normal-96.wav,normal
normal-97.wav,normal
normal-98.wav,normal
normal-99.wav,normal
slow-0.wav,slow
slow-1.wav,slow
slow-10.wav,slow
slow-100.wav,slow
slow-101.wav,slow
slow-102.wav,slow
slow-103.wav,slow
slow-104.wav,slow
slow-105.wav,slow
slow-106.wav,slow
slow-107.wav,slow
slow-108.wav,slow
slow-109.wav,slow
slow-11.wav,slow
slow-110.wav,slow
slow-111.wav,slow
slow-112.wav,slow
slow-113.wav,slow
slow-114.wav,slow
slow-115.wav,slow
slow-116.wav,slow
slow-117.wav,slow
slow-118.wav,slow
slow-119.wav,slow
slow-12.wav,slow
slow-120.wav,slow
slow-121.wav,slow
slow-122.wav,slow
slow-123.wav,slow
slow-124.wav,slow
slow-125.wav,slow
slow-126.wav,slow
slow-127.wav,slow
slow-128.wav,slow
slow-129.wav,slow
slow-13.wav,slow
slow-130.wav,slow
slow-131.wav,slow
slow-132.wav,slow
slow-133.wav,slow
slow-134.wav,slow
slow-135.wav,slow
slow-136.wav,slow
slow-137.wav,slow
slow-138.wav,slow
slow-139.wav,slow
slow-14.wav,slow
slow-140.wav,slow
slow-141.wav,slow
slow-142.wav,slow
slow-143.wav,slow
slow-144.wav,slow
slow-145.wav,slow
slow-146.wav,slow
slow-147.wav,slow
slow-148.wav,slow
slow-149.wav,slow
slow-15.wav,slow
slow-150.wav,slow
slow-151.wav,slow
slow-152.wav,slow
slow-153.wav,slow
slow-154.wav,slow
slow-155.wav,slow
slow-156.wav,slow
slow-157.wav,slow
slow-158.wav,slow
slow-159.wav,slow
slow-16.wav,slow
slow-160.wav,slow
slow-161.wav,slow
slow-162.wav,slow
slow-163.wav,slow
slow-164.wav,slow
slow-165.wav,slow
slow-166.wav,slow
slow-167.wav,slow
slow-168.wav,slow
slow-169.wav,slow
slow-17.wav,slow
slow-170.wav,slow
slow-171.wav,slow
slow-172.wav,slow
slow-173.wav,slow
slow-174.wav,slow
slow-175.wav,slow
slow-176.wav,slow
slow-177.wav,slow
slow-178.wav,slow
slow-179.wav,slow
slow-18.wav,slow
slow-180.wav,slow
slow-181.wav,slow
slow-182.wav,slow
slow-183.wav,slow
slow-184.wav,slow
slow-185.wav,slow
slow-186.wav,slow
slow-187.wav,slow
slow-188.wav,slow
slow-189.wav,slow
slow-19.wav,slow
slow-190.wav,slow
slow-191.wav,slow
slow-192.wav,slow
slow-193.wav,slow
slow-194.wav,slow
slow-195.wav,slow
slow-196.wav,slow
slow-197.wav,slow
slow-198.wav,slow
slow-199.wav,slow
slow-2.wav,slow
slow-20.wav,slow
slow-200.wav,slow
slow-201.wav,slow
slow-202.wav,slow
slow-203.wav,slow
slow-204.wav,slow
slow-205.wav,slow
slow-206.wav,slow
slow-207.wav,slow
slow-208.wav,slow
slow-209.wav,slow
slow-21.wav,slow
slow-210.wav,slow
slow-211.wav,slow
slow-212.wav,slow
slow-213.wav,slow
slow-214.wav,slow
slow-215.wav,slow
slow-216.wav,slow
slow-217.wav,slow
slow-218.wav,slow
slow-219.wav,slow
slow-22.wav,slow
slow-220.wav,slow
slow-221.wav,slow
slow-222.wav,slow
slow-223.wav,slow
slow-224.wav,slow
slow-225.wav,slow
slow-226.wav,slow
slow-227.wav,slow
slow-228.wav,slow
slow-229.wav,slow
slow-23.wav,slow
slow-230.wav,slow
slow-231.wav,slow
slow-232.wav,slow
slow-233.wav,slow
slow-234.wav,slow
slow-235.wav,slow
slow-236.wav,slow
slow-237.wav,slow
slow-238.wav,slow
slow-239.wav,slow
slow-24.wav,slow
slow-240.wav,slow
slow-241.wav,slow
slow-242.wav,slow
slow-243.wav,slow
slow-244.wav,slow
slow-245.wav,slow
slow-246.wav,slow
slow-247.wav,slow
slow-248.wav,slow
slow-249.wav,slow
slow-25.wav,slow
slow-250.wav,slow
slow-251.wav,slow
slow-252.wav,slow
slow-253.wav,slow
slow-254.wav,slow
slow-255.wav,slow
slow-256.wav,slow
slow-257.wav,slow
slow-258.wav,slow
slow-259.wav,slow
slow-26.wav,slow
slow-260.wav,slow
slow-261.wav,slow
slow-262.wav,slow
slow-263.wav,slow
slow-264.wav,slow
slow-265.wav,slow
slow-266.wav,slow
slow-267.wav,slow
slow-268.wav,slow
slow-269.wav,slow
slow-27.wav,slow
slow-270.wav,slow
slow-271.wav,slow
slow-272.wav,slow
slow-273.wav,slow
slow-274.wav,slow
slow-275.wav,slow
slow-276.wav,slow
slow-277.wav,slow
slow-278.wav,slow
slow-279.wav,slow
slow-28.wav,slow
slow-280.wav,slow
slow-281.wav,slow
slow-282.wav,slow
slow-283.wav,slow
slow-284.wav,slow
slow-285.wav,slow
slow-286.wav,slow
slow-287.wav,slow
slow-288.wav,slow
slow-289.wav,slow
slow-29.wav,slow
slow-290.wav,slow
slow-291.wav,slow
slow-292.wav,slow
slow-293.wav,slow
slow-294.wav,slow
slow-295.wav,slow
slow-296.wav,slow
slow-297.wav,slow
slow-298.wav,slow
slow-299.wav,slow
slow-3.wav,slow
slow-30.wav,slow
slow-300.wav,slow
slow-301.wav,slow
slow-302.wav,slow
slow-303.wav,slow
slow-304.wav,slow
slow-305.wav,slow
slow-306.wav,slow
slow-307.wav,slow
slow-308.wav,slow
slow-309.wav,slow
slow-31.wav,slow
slow-310.wav,slow
slow-311.wav,slow
slow-312.wav,slow
slow-313.wav,slow
slow-314.wav,slow
slow-315.wav,slow
slow-316.wav,slow
slow-317.wav,slow
slow-318.wav,slow
slow-319.wav,slow
slow-32.wav,slow
slow-320.wav,slow
slow-321.wav,slow
slow-322.wav,slow
slow-323.wav,slow
slow-324.wav,slow
slow-325.wav,slow
slow-326.wav,slow
slow-327.wav,slow
slow-328.wav,slow
slow-329.wav,slow
slow-33.wav,slow
slow-330.wav,slow
slow-331.wav,slow
slow-332.wav,slow
slow-333.wav,slow
slow-334.wav,slow
slow-335.wav,slow
slow-336.wav,slow
slow-337.wav,slow
slow-338.wav,slow
slow-339.wav,slow
slow-34.wav,slow
slow-340.wav,slow
slow-341.wav,slow
slow-342.wav,slow
slow-343.wav,slow
slow-344.wav,slow
slow-345.wav,slow
slow-346.wav,slow
slow-347.wav,slow
slow-348.wav,slow
slow-349.wav,slow
slow-35.wav,slow
slow-350.wav,slow
slow-351.wav,slow
slow-352.wav,slow
slow-353.wav,slow
slow-354.wav,slow
slow-355.wav,slow
slow-356.wav,slow
slow-357.wav,slow
slow-358.wav,slow
slow-359.wav,slow
slow-36.wav,slow
slow-360.wav,slow
slow-361.wav,slow
slow-362.wav,slow
slow-363.wav,slow
slow-364.wav,slow
slow-365.wav,slow
slow-366.wav,slow
slow-367.wav,slow
slow-368.wav,slow
slow-369.wav,slow
slow-37.wav,slow
slow-370.wav,slow
slow-371.wav,slow
slow-372.wav,slow
slow-373.wav,slow
slow-374.wav,slow
slow-375.wav,slow
slow-376.wav,slow
slow-377.wav,slow
slow-378.wav,slow
slow-379.wav,slow
slow-38.wav,slow
slow-380.wav,slow
slow-381.wav,slow
slow-382.wav,slow
slow-383.wav,slow
slow-384.wav,slow
slow-385.wav,slow
slow-386.wav,slow
slow-387.wav,slow
slow-388.wav,slow
slow-389.wav,slow
slow-39.wav,slow
slow-390.wav,slow
slow-391.wav,slow
slow-392.wav,slow
slow-393.wav,slow
slow-394.wav,slow
slow-395.wav,slow
slow-396.wav,slow
slow-397.wav,slow
slow-398.wav,slow
slow-399.wav,slow
slow-4.wav,slow
slow-40.wav,slow
slow-400.wav,slow
slow-401.wav,slow
slow-402.wav,slow
slow-403.wav,slow
slow-404.wav,slow
slow-405.wav,slow
slow-406.wav,slow
slow-407.wav,slow
slow-408.wav,slow
slow-409.wav,slow
slow-41.wav,slow
slow-410.wav,slow
slow-411.wav,slow
slow-412.wav,slow
slow-413.wav,slow
slow-414.wav,slow
slow-415.wav,slow
slow-416.wav,slow
slow-417.wav,slow
slow-418.wav,slow
slow-419.wav,slow
slow-42.wav,slow
slow-420.wav,slow
slow-421.wav,slow
slow-422.wav,slow
slow-423.wav,slow
slow-424.wav,slow
slow-425.wav,slow
slow-426.wav,slow
slow-427.wav,slow
slow-428.wav,slow
slow-429.wav,slow
slow-43.wav,slow
slow-430.wav,slow
slow-431.wav,slow
slow-432.wav,slow
slow-433.wav,slow
slow-434.wav,slow
slow-435.wav,slow
slow-436.wav,slow
slow-437.wav,slow
slow-438.wav,slow
slow-439.wav,slow
slow-44.wav,slow
slow-440.wav,slow
slow-441.wav,slow
slow-442.wav,slow
slow-443.wav,slow
slow-444.wav,slow
slow-445.wav,slow
slow-446.wav,slow
slow-447.wav,slow
slow-448.wav,slow
slow-449.wav,slow
slow-45.wav,slow
slow-450.wav,slow
slow-451.wav,slow
slow-452.wav,slow
slow-453.wav,slow
slow-454.wav,slow
slow-455.wav,slow
slow-456.wav,slow
slow-457.wav,slow
slow-458.wav,slow
slow-459.wav,slow
slow-46.wav,slow
slow-460.wav,slow
slow-461.wav,slow
slow-462.wav,slow
slow-463.wav,slow
slow-464.wav,slow
slow-465.wav,slow
slow-466.wav,slow
slow-467.wav,slow
slow-468.wav,slow
slow-469.wav,slow
slow-47.wav,slow
slow-470.wav,slow
slow-471.wav,slow
slow-472.wav,slow
slow-473.wav,slow
slow-474.wav,slow
slow-475.wav,slow
slow-476.wav,slow
slow-477.wav,slow
slow-478.wav,slow
slow-479.wav,slow
slow-48.wav,slow
slow-480.wav,slow
slow-481.wav,slow
slow-482.wav,slow
slow-483.wav,slow
slow-484.wav,slow
slow-485.wav,slow
slow-486.wav,slow
slow-487.wav,slow
slow-488.wav,slow
slow-489.wav,slow
slow-49.wav,slow
slow-490.wav,slow
slow-491.wav,slow
slow-492.wav,slow
slow-493.wav,slow
slow-494.wav,slow
slow-495.wav,slow
slow-496.wav,slow
slow-497.wav,slow
slow-498.wav,slow
slow-499.wav,slow
slow-5.wav,slow
slow-50.wav,slow
slow-500.wav,slow
slow-501.wav,slow
slow-502.wav,slow
slow-503.wav,slow
slow-504.wav,slow
slow-505.wav,slow
slow-506.wav,slow
slow-507.wav,slow
slow-508.wav,slow
slow-509.wav,slow
slow-51.wav,slow
slow-510.wav,slow
slow-511.wav,slow
slow-512.wav,slow
slow-513.wav,slow
slow-514.wav,slow
slow-515.wav,slow
slow-516.wav,slow
slow-517.wav,slow
slow-518.wav,slow
slow-519.wav,slow
slow-52.wav,slow
slow-520.wav,slow
slow-521.wav,slow
slow-522.wav,slow
slow-523.wav,slow
slow-524.wav,slow
slow-525.wav,slow
slow-526.wav,slow
slow-527.wav,slow
slow-528.wav,slow
slow-529.wav,slow
slow-53.wav,slow
slow-530.wav,slow
slow-531.wav,slow
slow-532.wav,slow
slow-533.wav,slow
slow-534.wav,slow
slow-535.wav,slow
slow-536.wav,slow
slow-537.wav,slow
slow-538.wav,slow
slow-539.wav,slow
slow-54.wav,slow
slow-540.wav,slow
slow-541.wav,slow
slow-542.wav,slow
slow-543.wav,slow
slow-544.wav,slow
slow-545.wav,slow
slow-546.wav,slow
slow-547.wav,slow
slow-548.wav,slow
slow-549.wav,slow
slow-55.wav,slow
slow-550.wav,slow
slow-551.wav,slow
slow-552.wav,slow
slow-553.wav,slow
slow-554.wav,slow
slow-555.wav,slow
slow-556.wav,slow
slow-557.wav,slow
slow-558.wav,slow
slow-559.wav,slow
slow-56.wav,slow
slow-560.wav,slow
slow-561.wav,slow
slow-562.wav,slow
slow-563.wav,slow
slow-564.wav,slow
slow-565.wav,slow
slow-566.wav,slow
slow-567.wav,slow
slow-568.wav,slow
slow-569.wav,slow
slow-57.wav,slow
slow-570.wav,slow
slow-571.wav,slow
slow-572.wav,slow
slow-573.wav,slow
slow-574.wav,slow
slow-575.wav,slow
slow-576.wav,slow
slow-577.wav,slow
slow-578.wav,slow
slow-579.wav,slow
slow-58.wav,slow
slow-580.wav,slow
slow-581.wav,slow
slow-582.wav,slow
slow-583.wav,slow
slow-584.wav,slow
slow-585.wav,slow
slow-586.wav,slow
slow-587.wav,slow
slow-588.wav,slow
slow-589.wav,slow
slow-59.wav,slow
slow-590.wav,slow
slow-591.wav,slow
slow-592.wav,slow
slow-593.wav,slow
slow-594.wav,slow
slow-595.wav,slow
slow-596.wav,slow
slow-597.wav,slow
slow-598.wav,slow
slow-599.wav,slow
slow-6.wav,slow
slow-60.wav,slow
slow-600.wav,slow
slow-601.wav,slow
slow-602.wav,slow
slow-603.wav,slow
slow-604.wav,slow
slow-605.wav,slow
slow-606.wav,slow
slow-607.wav,slow
slow-608.wav,slow
slow-609.wav,slow
slow-61.wav,slow
slow-610.wav,slow
slow-611.wav,slow
slow-612.wav,slow
slow-613.wav,slow
slow-614.wav,slow
slow-615.wav,slow
slow-616.wav,slow
slow-617.wav,slow
slow-618.wav,slow
slow-619.wav,slow
slow-62.wav,slow
slow-620.wav,slow
slow-621.wav,slow
slow-622.wav,slow
slow-623.wav,slow
slow-624.wav,slow
slow-625.wav,slow
slow-626.wav,slow
slow-627.wav,slow
slow-628.wav,slow
slow-629.wav,slow
slow-63.wav,slow
slow-630.wav,slow
slow-631.wav,slow
slow-632.wav,slow
slow-633.wav,slow
slow-634.wav,slow
slow-635.wav,slow
slow-636.wav,slow
slow-637.wav,slow
slow-638.wav,slow
slow-639.wav,slow
slow-64.wav,slow
slow-640.wav,slow
slow-641.wav,slow
slow-642.wav,slow
slow-643.wav,slow
slow-644.wav,slow
slow-645.wav,slow
slow-646.wav,slow
slow-647.wav,slow
slow-648.wav,slow
slow-649.wav,slow
slow-65.wav,slow
slow-650.wav,slow
slow-651.wav,slow
slow-652.wav,slow
slow-653.wav,slow
slow-654.wav,slow
slow-655.wav,slow
slow-656.wav,slow
slow-657.wav,slow
slow-658.wav,slow
slow-659.wav,slow
slow-66.wav,slow
slow-660.wav,slow
slow-661.wav,slow
slow-662.wav,slow
slow-663.wav,slow
slow-664.wav,slow
slow-665.wav,slow
slow-666.wav,slow
slow-667.wav,slow
slow-668.wav,slow
slow-669.wav,slow
slow-67.wav,slow
slow-670.wav,slow
slow-671.wav,slow
slow-672.wav,slow
slow-673.wav,slow
slow-674.wav,slow
slow-675.wav,slow
slow-676.wav,slow
slow-677.wav,slow
slow-678.wav,slow
slow-679.wav,slow
slow-68.wav,slow
slow-680.wav,slow
slow-681.wav,slow
slow-682.wav,slow
slow-683.wav,slow
slow-684.wav,slow
slow-685.wav,slow
slow-686.wav,slow
slow-687.wav,slow
slow-688.wav,slow
slow-689.wav,slow
slow-69.wav,slow
slow-690.wav,slow
slow-691.wav,slow
slow-692.wav,slow
slow-693.wav,slow
slow-694.wav,slow
slow-695.wav,slow
slow-696.wav,slow
slow-697.wav,slow
slow-698.wav,slow
slow-699.wav,slow
slow-7.wav,slow
slow-70.wav,slow
slow-700.wav,slow
slow-701.wav,slow
slow-702.wav,slow
slow-703.wav,slow
slow-704.wav,slow
slow-705.wav,slow
slow-706.wav,slow
slow-707.wav,slow
slow-708.wav,slow
slow-709.wav,slow
slow-71.wav,slow
slow-710.wav,slow
slow-711.wav,slow
slow-712.wav,slow
slow-713.wav,slow
slow-714.wav,slow
slow-715.wav,slow
slow-716.wav,slow
slow-717.wav,slow
slow-718.wav,slow
slow-719.wav,slow
slow-72.wav,slow
slow-720.wav,slow
slow-721.wav,slow
slow-722.wav,slow
slow-723.wav,slow
slow-724.wav,slow
slow-725.wav,slow
slow-726.wav,slow
slow-727.wav,slow
slow-728.wav,slow
slow-729.wav,slow
slow-73.wav,slow
slow-730.wav,slow
slow-731.wav,slow
slow-732.wav,slow
slow-733.wav,slow
slow-734.wav,slow
slow-735.wav,slow
slow-736.wav,slow
slow-737.wav,slow
slow-738.wav,slow
slow-739.wav,slow
slow-74.wav,slow
slow-740.wav,slow
slow-741.wav,slow
slow-742.wav,slow
slow-743.wav,slow
slow-744.wav,slow
slow-745.wav,slow
slow-746.wav,slow
slow-747.wav,slow
slow-748.wav,slow
slow-749.wav,slow
slow-75.wav,slow
slow-750.wav,slow
slow-751.wav,slow
slow-752.wav,slow
slow-753.wav,slow
slow-754.wav,slow
slow-755.wav,slow
slow-756.wav,slow
slow-757.wav,slow
slow-758.wav,slow
slow-759.wav,slow
slow-76.wav,slow
slow-760.wav,slow
slow-761.wav,slow
slow-762.wav,slow
slow-763.wav,slow
slow-764.wav,slow
slow-765.wav,slow
slow-766.wav,slow
slow-767.wav,slow
slow-768.wav,slow
slow-769.wav,slow
slow-77.wav,slow
slow-770.wav,slow
slow-771.wav,slow
slow-772.wav,slow
slow-773.wav,slow
slow-774.wav,slow
slow-775.wav,slow
slow-776.wav,slow
slow-777.wav,slow
slow-778.wav,slow
slow-779.wav,slow
slow-78.wav,slow
slow-780.wav,slow
slow-781.wav,slow
slow-782.wav,slow
slow-783.wav,slow
slow-784.wav,slow
slow-785.wav,slow
slow-786.wav,slow
slow-787.wav,slow
slow-788.wav,slow
slow-789.wav,slow
slow-79.wav,slow
slow-790.wav,slow
slow-791.wav,slow
slow-792.wav,slow
slow-793.wav,slow
slow-794.wav,slow
slow-795.wav,slow
slow-796.wav,slow
slow-797.wav,slow
slow-798.wav,slow
slow-799.wav,slow
slow-8.wav,slow
slow-80.wav,slow
slow-800.wav,slow
slow-801.wav,slow
slow-802.wav,slow
slow-803.wav,slow
slow-804.wav,slow
slow-805.wav,slow
slow-806.wav,slow
slow-807.wav,slow
slow-808.wav,slow
slow-809.wav,slow
slow-81.wav,slow
slow-810.wav,slow
slow-811.wav,slow
slow-812.wav,slow
slow-813.wav,slow
slow-814.wav,slow
slow-815.wav,slow
slow-816.wav,slow
slow-817.wav,slow
slow-818.wav,slow
slow-819.wav,slow
slow-82.wav,slow
slow-820.wav,slow
slow-821.wav,slow
slow-822.wav,slow
slow-823.wav,slow
slow-824.wav,slow
slow-825.wav,slow
slow-826.wav,slow
slow-827.wav,slow
slow-828.wav,slow
slow-829.wav,slow
slow-83.wav,slow
slow-830.wav,slow
slow-831.wav,slow
slow-832.wav,slow
slow-833.wav,slow
slow-834.wav,slow
slow-835.wav,slow
slow-836.wav,slow
slow-837.wav,slow
slow-838.wav,slow
slow-839.wav,slow
slow-84.wav,slow
slow-840.wav,slow
slow-841.wav,slow
slow-842.wav,slow
slow-843.wav,slow
slow-844.wav,slow
slow-845.wav,slow
slow-846.wav,slow
slow-847.wav,slow
slow-848.wav,slow
slow-849.wav,slow
slow-85.wav,slow
slow-850.wav,slow
slow-851.wav,slow
slow-852.wav,slow
slow-853.wav,slow
slow-854.wav,slow
slow-855.wav,slow
slow-856.wav,slow
slow-857.wav,slow
slow-858.wav,slow
slow-859.wav,slow
slow-86.wav,slow
slow-860.wav,slow
slow-861.wav,slow
slow-862.wav,slow
slow-863.wav,slow
slow-864.wav,slow
slow-865.wav,slow
slow-866.wav,slow
slow-867.wav,slow
slow-868.wav,slow
slow-869.wav,slow
slow-87.wav,slow
slow-870.wav,slow
slow-871.wav,slow
slow-872.wav,slow
slow-873.wav,slow
slow-874.wav,slow
slow-875.wav,slow
slow-876.wav,slow
slow-877.wav,slow
slow-878.wav,slow
slow-879.wav,slow
slow-88.wav,slow
slow-880.wav,slow
slow-881.wav,slow
slow-882.wav,slow
slow-883.wav,slow
slow-884.wav,slow
slow-885.wav,slow
slow-886.wav,slow
slow-887.wav,slow
slow-888.wav,slow
slow-889.wav,slow
slow-89.wav,slow
slow-890.wav,slow
slow-891.wav,slow
slow-892.wav,slow
slow-893.wav,slow
slow-894.wav,slow
slow-895.wav,slow
slow-896.wav,slow
slow-897.wav,slow
slow-898.wav,slow
slow-899.wav,slow
slow-9.wav,slow
slow-90.wav,slow
slow-900.wav,slow
slow-901.wav,slow
slow-902.wav,slow
slow-903.wav,slow
slow-904.wav,slow
slow-905.wav,slow
slow-906.wav,slow
slow-907.wav,slow
slow-908.wav,slow
slow-909.wav,slow
slow-91.wav,slow
slow-910.wav,slow
slow-911.wav,slow
slow-912.wav,slow
slow-913.wav,slow
slow-914.wav,slow
slow-915.wav,slow
slow-916.wav,slow
slow-92.wav,slow
slow-93.wav,slow
slow-94.wav,slow
slow-95.wav,slow
slow-96.wav,slow
slow-97.wav,slow
slow-98.wav,slow
slow-99.wav,slow
fast-0.wav,fast
fast-1.wav,fast
fast-10.wav,fast
fast-100.wav,fast
fast-101.wav,fast
fast-102.wav,fast
fast-103.wav,fast
fast-104.wav,fast
fast-105.wav,fast
fast-106.wav,fast
fast-107.wav,fast
fast-108.wav,fast
fast-109.wav,fast
fast-11.wav,fast
fast-110.wav,fast
fast-111.wav,fast
fast-112.wav,fast
fast-113.wav,fast
fast-114.wav,fast
fast-115.wav,fast
fast-116.wav,fast
fast-117.wav,fast
fast-118.wav,fast
fast-119.wav,fast
fast-12.wav,fast
fast-120.wav,fast
fast-121.wav,fast
fast-122.wav,fast
fast-123.wav,fast
fast-124.wav,fast
fast-125.wav,fast
fast-126.wav,fast
fast-127.wav,fast
fast-128.wav,fast
fast-129.wav,fast
fast-13.wav,fast
fast-130.wav,fast
fast-131.wav,fast
fast-132.wav,fast
fast-133.wav,fast
fast-134.wav,fast
fast-135.wav,fast
fast-136.wav,fast
fast-137.wav,fast
fast-138.wav,fast
fast-139.wav,fast
fast-14.wav,fast
fast-140.wav,fast
fast-141.wav,fast
fast-142.wav,fast
fast-143.wav,fast
fast-144.wav,fast
fast-145.wav,fast
fast-146.wav,fast
fast-147.wav,fast
fast-148.wav,fast
fast-149.wav,fast
fast-15.wav,fast
fast-150.wav,fast
fast-151.wav,fast
fast-152.wav,fast
fast-153.wav,fast
fast-154.wav,fast
fast-155.wav,fast
fast-156.wav,fast
fast-157.wav,fast
fast-158.wav,fast
fast-159.wav,fast
fast-16.wav,fast
fast-160.wav,fast
fast-161.wav,fast
fast-162.wav,fast
fast-163.wav,fast
fast-164.wav,fast
fast-165.wav,fast
fast-166.wav,fast
fast-167.wav,fast
fast-168.wav,fast
fast-169.wav,fast
fast-17.wav,fast
fast-170.wav,fast
fast-171.wav,fast
fast-172.wav,fast
fast-173.wav,fast
fast-174.wav,fast
fast-175.wav,fast
fast-176.wav,fast
fast-177.wav,fast
fast-178.wav,fast
fast-179.wav,fast
fast-18.wav,fast
fast-180.wav,fast
fast-181.wav,fast
fast-182.wav,fast
fast-183.wav,fast
fast-184.wav,fast
fast-185.wav,fast
fast-186.wav,fast
fast-187.wav,fast
fast-188.wav,fast
fast-189.wav,fast
fast-19.wav,fast
fast-190.wav,fast
fast-191.wav,fast
fast-192.wav,fast
fast-193.wav,fast
fast-194.wav,fast
fast-195.wav,fast
fast-196.wav,fast
fast-197.wav,fast
fast-198.wav,fast
fast-199.wav,fast
fast-2.wav,fast
fast-20.wav,fast
fast-200.wav,fast
fast-201.wav,fast
fast-202.wav,fast
fast-203.wav,fast
fast-204.wav,fast
fast-205.wav,fast
fast-206.wav,fast
fast-207.wav,fast
fast-208.wav,fast
fast-209.wav,fast
fast-21.wav,fast
fast-210.wav,fast
fast-211.wav,fast
fast-212.wav,fast
fast-213.wav,fast
fast-214.wav,fast
fast-215.wav,fast
fast-216.wav,fast
fast-217.wav,fast
fast-218.wav,fast
fast-219.wav,fast
fast-22.wav,fast
fast-220.wav,fast
fast-221.wav,fast
fast-222.wav,fast
fast-223.wav,fast
fast-224.wav,fast
fast-225.wav,fast
fast-226.wav,fast
fast-227.wav,fast
fast-228.wav,fast
fast-229.wav,fast
fast-23.wav,fast
fast-230.wav,fast
fast-231.wav,fast
fast-232.wav,fast
fast-233.wav,fast
fast-234.wav,fast
fast-235.wav,fast
fast-236.wav,fast
fast-237.wav,fast
fast-238.wav,fast
fast-239.wav,fast
fast-24.wav,fast
fast-240.wav,fast
fast-241.wav,fast
fast-242.wav,fast
fast-243.wav,fast
fast-244.wav,fast
fast-245.wav,fast
fast-246.wav,fast
fast-247.wav,fast
fast-248.wav,fast
fast-249.wav,fast
fast-25.wav,fast
fast-250.wav,fast
fast-251.wav,fast
fast-252.wav,fast
fast-253.wav,fast
fast-254.wav,fast
fast-255.wav,fast
fast-256.wav,fast
fast-257.wav,fast
fast-258.wav,fast
fast-259.wav,fast
fast-26.wav,fast
fast-260.wav,fast
fast-261.wav,fast
fast-262.wav,fast
fast-263.wav,fast
fast-264.wav,fast
fast-265.wav,fast
fast-266.wav,fast
fast-267.wav,fast
fast-268.wav,fast
fast-269.wav,fast
fast-27.wav,fast
fast-270.wav,fast
fast-271.wav,fast
fast-272.wav,fast
fast-273.wav,fast
fast-274.wav,fast
fast-275.wav,fast
fast-276.wav,fast
fast-277.wav,fast
fast-278.wav,fast
fast-279.wav,fast
fast-28.wav,fast
fast-280.wav,fast
fast-281.wav,fast
fast-282.wav,fast
fast-283.wav,fast
fast-284.wav,fast
fast-285.wav,fast
fast-286.wav,fast
fast-287.wav,fast
fast-288.wav,fast
fast-289.wav,fast
fast-29.wav,fast
fast-290.wav,fast
fast-291.wav,fast
fast-292.wav,fast
fast-293.wav,fast
fast-294.wav,fast
fast-295.wav,fast
fast-296.wav,fast
fast-297.wav,fast
fast-298.wav,fast
fast-299.wav,fast
fast-3.wav,fast
fast-30.wav,fast
fast-300.wav,fast
fast-301.wav,fast
fast-302.wav,fast
fast-303.wav,fast
fast-304.wav,fast
fast-305.wav,fast
fast-306.wav,fast
fast-307.wav,fast
fast-308.wav,fast
fast-309.wav,fast
fast-31.wav,fast
fast-310.wav,fast
fast-311.wav,fast
fast-312.wav,fast
fast-313.wav,fast
fast-314.wav,fast
fast-315.wav,fast
fast-316.wav,fast
fast-317.wav,fast
fast-318.wav,fast
fast-319.wav,fast
fast-32.wav,fast
fast-320.wav,fast
fast-321.wav,fast
fast-322.wav,fast
fast-323.wav,fast
fast-324.wav,fast
fast-325.wav,fast
fast-326.wav,fast
fast-327.wav,fast
fast-328.wav,fast
fast-329.wav,fast
fast-33.wav,fast
fast-330.wav,fast
fast-331.wav,fast
fast-332.wav,fast
fast-333.wav,fast
fast-334.wav,fast
fast-335.wav,fast
fast-336.wav,fast
fast-337.wav,fast
fast-338.wav,fast
fast-339.wav,fast
fast-34.wav,fast
fast-340.wav,fast
fast-341.wav,fast
fast-342.wav,fast
fast-343.wav,fast
fast-344.wav,fast
fast-345.wav,fast
fast-346.wav,fast
fast-347.wav,fast
fast-348.wav,fast
fast-349.wav,fast
fast-35.wav,fast
fast-350.wav,fast
fast-351.wav,fast
fast-352.wav,fast
fast-353.wav,fast
fast-354.wav,fast
fast-355.wav,fast
fast-356.wav,fast
fast-357.wav,fast
fast-358.wav,fast
fast-359.wav,fast
fast-36.wav,fast
fast-360.wav,fast
fast-361.wav,fast
fast-362.wav,fast
fast-363.wav,fast
fast-364.wav,fast
fast-365.wav,fast
fast-366.wav,fast
fast-367.wav,fast
fast-368.wav,fast
fast-369.wav,fast
fast-37.wav,fast
fast-370.wav,fast
fast-371.wav,fast
fast-372.wav,fast
fast-373.wav,fast
fast-374.wav,fast
fast-375.wav,fast
fast-376.wav,fast
fast-377.wav,fast
fast-378.wav,fast
fast-379.wav,fast
fast-38.wav,fast
fast-380.wav,fast
fast-381.wav,fast
fast-382.wav,fast
fast-383.wav,fast
fast-384.wav,fast
fast-385.wav,fast
fast-386.wav,fast
fast-387.wav,fast
fast-388.wav,fast
fast-389.wav,fast
fast-39.wav,fast
fast-390.wav,fast
fast-391.wav,fast
fast-392.wav,fast
fast-393.wav,fast
fast-394.wav,fast
fast-395.wav,fast
fast-396.wav,fast
fast-397.wav,fast
fast-398.wav,fast
fast-399.wav,fast
fast-4.wav,fast
fast-40.wav,fast
fast-400.wav,fast
fast-401.wav,fast
fast-402.wav,fast
fast-403.wav,fast
fast-404.wav,fast
fast-405.wav,fast
fast-406.wav,fast
fast-407.wav,fast
fast-408.wav,fast
fast-409.wav,fast
fast-41.wav,fast
fast-410.wav,fast
fast-411.wav,fast
fast-412.wav,fast
fast-413.wav,fast
fast-414.wav,fast
fast-415.wav,fast
fast-416.wav,fast
fast-417.wav,fast
fast-418.wav,fast
fast-419.wav,fast
fast-42.wav,fast
fast-420.wav,fast
fast-421.wav,fast
fast-422.wav,fast
fast-423.wav,fast
fast-424.wav,fast
fast-425.wav,fast
fast-426.wav,fast
fast-427.wav,fast
fast-428.wav,fast
fast-429.wav,fast
fast-43.wav,fast
fast-430.wav,fast
fast-431.wav,fast
fast-432.wav,fast
fast-433.wav,fast
fast-434.wav,fast
fast-435.wav,fast
fast-436.wav,fast
fast-437.wav,fast
fast-438.wav,fast
fast-439.wav,fast
fast-44.wav,fast
fast-440.wav,fast
fast-441.wav,fast
fast-442.wav,fast
fast-443.wav,fast
fast-444.wav,fast
fast-445.wav,fast
fast-446.wav,fast
fast-447.wav,fast
fast-448.wav,fast
fast-449.wav,fast
fast-45.wav,fast
fast-450.wav,fast
fast-451.wav,fast
fast-452.wav,fast
fast-453.wav,fast
fast-454.wav,fast
fast-455.wav,fast
fast-456.wav,fast
fast-457.wav,fast
fast-458.wav,fast
fast-459.wav,fast
fast-46.wav,fast
fast-460.wav,fast
fast-461.wav,fast
fast-462.wav,fast
fast-463.wav,fast
fast-464.wav,fast
fast-465.wav,fast
fast-466.wav,fast
fast-467.wav,fast
fast-468.wav,fast
fast-469.wav,fast
fast-47.wav,fast
fast-470.wav,fast
fast-471.wav,fast
fast-472.wav,fast
fast-473.wav,fast
fast-474.wav,fast
fast-475.wav,fast
fast-476.wav,fast
fast-477.wav,fast
fast-478.wav,fast
fast-479.wav,fast
fast-48.wav,fast
fast-480.wav,fast
fast-481.wav,fast
fast-482.wav,fast
fast-483.wav,fast
fast-484.wav,fast
fast-485.wav,fast
fast-486.wav,fast
fast-487.wav,fast
fast-488.wav,fast
fast-489.wav,fast
fast-49.wav,fast
fast-490.wav,fast
fast-491.wav,fast
fast-492.wav,fast
fast-493.wav,fast
fast-494.wav,fast
fast-495.wav,fast
fast-496.wav,fast
fast-497.wav,fast
fast-498.wav,fast
fast-499.wav,fast
fast-5.wav,fast
fast-50.wav,fast
fast-500.wav,fast
fast-501.wav,fast
fast-502.wav,fast
fast-503.wav,fast
fast-504.wav,fast
fast-505.wav,fast
fast-506.wav,fast
fast-507.wav,fast
fast-508.wav,fast
fast-509.wav,fast
fast-51.wav,fast
fast-510.wav,fast
fast-511.wav,fast
fast-512.wav,fast
fast-513.wav,fast
fast-514.wav,fast
fast-515.wav,fast
fast-516.wav,fast
fast-517.wav,fast
fast-518.wav,fast
fast-519.wav,fast
fast-52.wav,fast
fast-520.wav,fast
fast-521.wav,fast
fast-522.wav,fast
fast-523.wav,fast
fast-524.wav,fast
fast-525.wav,fast
fast-526.wav,fast
fast-527.wav,fast
fast-528.wav,fast
fast-529.wav,fast
fast-53.wav,fast
fast-530.wav,fast
fast-531.wav,fast
fast-532.wav,fast
fast-533.wav,fast
fast-534.wav,fast
fast-535.wav,fast
fast-536.wav,fast
fast-537.wav,fast
fast-538.wav,fast
fast-539.wav,fast
fast-54.wav,fast
fast-540.wav,fast
fast-541.wav,fast
fast-542.wav,fast
fast-543.wav,fast
fast-544.wav,fast
fast-545.wav,fast
fast-546.wav,fast
fast-547.wav,fast
fast-548.wav,fast
fast-549.wav,fast
fast-55.wav,fast
fast-550.wav,fast
fast-551.wav,fast
fast-552.wav,fast
fast-553.wav,fast
fast-554.wav,fast
fast-555.wav,fast
fast-556.wav,fast
fast-557.wav,fast
fast-558.wav,fast
fast-559.wav,fast
fast-56.wav,fast
fast-560.wav,fast
fast-561.wav,fast
fast-562.wav,fast
fast-563.wav,fast
fast-564.wav,fast
fast-565.wav,fast
fast-566.wav,fast
fast-567.wav,fast
fast-568.wav,fast
fast-569.wav,fast
fast-57.wav,fast
fast-570.wav,fast
fast-571.wav,fast
fast-572.wav,fast
fast-573.wav,fast
fast-574.wav,fast
fast-575.wav,fast
fast-576.wav,fast
fast-577.wav,fast
fast-578.wav,fast
fast-579.wav,fast
fast-58.wav,fast
fast-580.wav,fast
fast-581.wav,fast
fast-582.wav,fast
fast-583.wav,fast
fast-584.wav,fast
fast-585.wav,fast
fast-586.wav,fast
fast-587.wav,fast
fast-588.wav,fast
fast-589.wav,fast
fast-59.wav,fast
fast-590.wav,fast
fast-591.wav,fast
fast-592.wav,fast
fast-593.wav,fast
fast-594.wav,fast
fast-595.wav,fast
fast-596.wav,fast
fast-597.wav,fast
fast-598.wav,fast
fast-599.wav,fast
fast-6.wav,fast
fast-60.wav,fast
fast-600.wav,fast
fast-601.wav,fast
fast-602.wav,fast
fast-603.wav,fast
fast-604.wav,fast
fast-605.wav,fast
fast-606.wav,fast
fast-607.wav,fast
fast-608.wav,fast
fast-609.wav,fast
fast-61.wav,fast
fast-610.wav,fast
fast-611.wav,fast
fast-612.wav,fast
fast-613.wav,fast
fast-614.wav,fast
fast-615.wav,fast
fast-616.wav,fast
fast-617.wav,fast
fast-618.wav,fast
fast-619.wav,fast
fast-62.wav,fast
fast-620.wav,fast
fast-621.wav,fast
fast-622.wav,fast
fast-623.wav,fast
fast-624.wav,fast
fast-625.wav,fast
fast-626.wav,fast
fast-627.wav,fast
fast-628.wav,fast
fast-629.wav,fast
fast-63.wav,fast
fast-630.wav,fast
fast-631.wav,fast
fast-632.wav,fast
fast-633.wav,fast
fast-634.wav,fast
fast-635.wav,fast
fast-636.wav,fast
fast-637.wav,fast
fast-638.wav,fast
fast-639.wav,fast
fast-64.wav,fast
fast-640.wav,fast
fast-641.wav,fast
fast-642.wav,fast
fast-643.wav,fast
fast-644.wav,fast
fast-645.wav,fast
fast-646.wav,fast
fast-647.wav,fast
fast-648.wav,fast
fast-649.wav,fast
fast-65.wav,fast
fast-650.wav,fast
fast-651.wav,fast
fast-652.wav,fast
fast-653.wav,fast
fast-654.wav,fast
fast-655.wav,fast
fast-656.wav,fast
fast-657.wav,fast
fast-658.wav,fast
fast-659.wav,fast
fast-66.wav,fast
fast-660.wav,fast
fast-661.wav,fast
fast-662.wav,fast
fast-663.wav,fast
fast-664.wav,fast
fast-665.wav,fast
fast-666.wav,fast
fast-667.wav,fast
fast-668.wav,fast
fast-669.wav,fast
fast-67.wav,fast
fast-670.wav,fast
fast-671.wav,fast
fast-672.wav,fast
fast-673.wav,fast
fast-674.wav,fast
fast-675.wav,fast
fast-676.wav,fast
fast-677.wav,fast
fast-678.wav,fast
fast-679.wav,fast
fast-68.wav,fast
fast-680.wav,fast
fast-681.wav,fast
fast-682.wav,fast
fast-683.wav,fast
fast-684.wav,fast
fast-685.wav,fast
fast-686.wav,fast
fast-687.wav,fast
fast-688.wav,fast
fast-689.wav,fast
fast-69.wav,fast
fast-690.wav,fast
fast-691.wav,fast
fast-692.wav,fast
fast-693.wav,fast
fast-694.wav,fast
fast-695.wav,fast
fast-696.wav,fast
fast-697.wav,fast
fast-698.wav,fast
fast-699.wav,fast
fast-7.wav,fast
fast-70.wav,fast
fast-700.wav,fast
fast-701.wav,fast
fast-702.wav,fast
fast-703.wav,fast
fast-704.wav,fast
fast-705.wav,fast
fast-706.wav,fast
fast-707.wav,fast
fast-708.wav,fast
fast-709.wav,fast
fast-71.wav,fast
fast-710.wav,fast
fast-711.wav,fast
fast-712.wav,fast
fast-713.wav,fast
fast-714.wav,fast
fast-715.wav,fast
fast-716.wav,fast
fast-717.wav,fast
fast-718.wav,fast
fast-719.wav,fast
fast-72.wav,fast
fast-720.wav,fast
fast-721.wav,fast
fast-722.wav,fast
fast-723.wav,fast
fast-724.wav,fast
fast-725.wav,fast
fast-726.wav,fast
fast-727.wav,fast
fast-728.wav,fast
fast-729.wav,fast
fast-73.wav,fast
fast-730.wav,fast
fast-731.wav,fast
fast-732.wav,fast
fast-733.wav,fast
fast-734.wav,fast
fast-735.wav,fast
fast-736.wav,fast
fast-737.wav,fast
fast-738.wav,fast
fast-739.wav,fast
fast-74.wav,fast
fast-740.wav,fast
fast-741.wav,fast
fast-742.wav,fast
fast-743.wav,fast
fast-744.wav,fast
fast-745.wav,fast
fast-746.wav,fast
fast-747.wav,fast
fast-748.wav,fast
fast-749.wav,fast
fast-75.wav,fast
fast-750.wav,fast
fast-751.wav,fast
fast-752.wav,fast
fast-753.wav,fast
fast-754.wav,fast
fast-755.wav,fast
fast-756.wav,fast
fast-757.wav,fast
fast-758.wav,fast
fast-759.wav,fast
fast-76.wav,fast
fast-760.wav,fast
fast-761.wav,fast
fast-762.wav,fast
fast-763.wav,fast
fast-764.wav,fast
fast-765.wav,fast
fast-766.wav,fast
fast-767.wav,fast
fast-768.wav,fast
fast-769.wav,fast
fast-77.wav,fast
fast-770.wav,fast
fast-771.wav,fast
fast-772.wav,fast
fast-773.wav,fast
fast-774.wav,fast
fast-775.wav,fast
fast-776.wav,fast
fast-777.wav,fast
fast-778.wav,fast
fast-779.wav,fast
fast-78.wav,fast
fast-780.wav,fast
fast-781.wav,fast
fast-782.wav,fast
fast-783.wav,fast
fast-784.wav,fast
fast-785.wav,fast
fast-786.wav,fast
fast-787.wav,fast
fast-788.wav,fast
fast-789.wav,fast
fast-79.wav,fast
fast-790.wav,fast
fast-791.wav,fast
fast-792.wav,fast
fast-793.wav,fast
fast-794.wav,fast
fast-795.wav,fast
fast-796.wav,fast
fast-797.wav,fast
fast-798.wav,fast
fast-799.wav,fast
fast-8.wav,fast
fast-80.wav,fast
fast-800.wav,fast
fast-801.wav,fast
fast-802.wav,fast
fast-803.wav,fast
fast-804.wav,fast
fast-805.wav,fast
fast-806.wav,fast
fast-807.wav,fast
fast-808.wav,fast
fast-809.wav,fast
fast-81.wav,fast
fast-810.wav,fast
fast-811.wav,fast
fast-812.wav,fast
fast-813.wav,fast
fast-814.wav,fast
fast-815.wav,fast
fast-816.wav,fast
fast-817.wav,fast
fast-818.wav,fast
fast-819.wav,fast
fast-82.wav,fast
fast-820.wav,fast
fast-821.wav,fast
fast-822.wav,fast
fast-823.wav,fast
fast-824.wav,fast
fast-825.wav,fast
fast-826.wav,fast
fast-827.wav,fast
fast-828.wav,fast
fast-829.wav,fast
fast-83.wav,fast
fast-830.wav,fast
fast-831.wav,fast
fast-832.wav,fast
fast-833.wav,fast
fast-834.wav,fast
fast-835.wav,fast
fast-836.wav,fast
fast-837.wav,fast
fast-838.wav,fast
fast-839.wav,fast
fast-84.wav,fast
fast-840.wav,fast
fast-841.wav,fast
fast-842.wav,fast
fast-843.wav,fast
fast-844.wav,fast
fast-845.wav,fast
fast-846.wav,fast
fast-847.wav,fast
fast-848.wav,fast
fast-849.wav,fast
fast-85.wav,fast
fast-850.wav,fast
fast-851.wav,fast
fast-852.wav,fast
fast-853.wav,fast
fast-854.wav,fast
fast-855.wav,fast
fast-856.wav,fast
fast-857.wav,fast
fast-858.wav,fast
fast-859.wav,fast
fast-86.wav,fast
fast-860.wav,fast
fast-861.wav,fast
fast-862.wav,fast
fast-863.wav,fast
fast-864.wav,fast
fast-865.wav,fast
fast-866.wav,fast
fast-867.wav,fast
fast-868.wav,fast
fast-869.wav,fast
fast-87.wav,fast
fast-870.wav,fast
fast-871.wav,fast
fast-872.wav,fast
fast-873.wav,fast
fast-874.wav,fast
fast-875.wav,fast
fast-876.wav,fast
fast-877.wav,fast
fast-878.wav,fast
fast-879.wav,fast
fast-88.wav,fast
fast-880.wav,fast
fast-881.wav,fast
fast-882.wav,fast
fast-883.wav,fast
fast-884.wav,fast
fast-885.wav,fast
fast-886.wav,fast
fast-887.wav,fast
fast-888.wav,fast
fast-889.wav,fast
fast-89.wav,fast
fast-890.wav,fast
fast-891.wav,fast
fast-892.wav,fast
fast-893.wav,fast
fast-894.wav,fast
fast-895.wav,fast
fast-896.wav,fast
fast-897.wav,fast
fast-898.wav,fast
fast-899.wav,fast
fast-9.wav,fast
fast-90.wav,fast
fast-900.wav,fast
fast-901.wav,fast
fast-902.wav,fast
fast-903.wav,fast
fast-904.wav,fast
fast-905.wav,fast
fast-906.wav,fast
fast-907.wav,fast
fast-908.wav,fast
fast-909.wav,fast
fast-91.wav,fast
fast-910.wav,fast
fast-911.wav,fast
fast-912.wav,fast
fast-913.wav,fast
fast-914.wav,fast
fast-915.wav,fast
fast-916.wav,fast
fast-92.wav,fast
fast-93.wav,fast
fast-94.wav,fast
fast-95.wav,fast
fast-96.wav,fast
fast-97.wav,fast
fast-98.wav,fast
fast-99.wav,fast
